{
  "host": {
    "system": "linux",
    "cpu_family": "x86_64",
    "cpu": "x86_64",
    "endian": "little",
    "kernel": "linux",
    "subsystem": "linux",
    "is_64_bit": true,
    "exe_suffix": "",
    "object_suffix": "o"
  },
  "build": {
    "system": "linux",
    "cpu_family": "x86_64",
    "cpu": "x86_64",
    "endian": "little",
    "kernel": "linux",
    "subsystem": "linux",
    "is_64_bit": true,
    "exe_suffix": "",
    "object_suffix": "o"
  },
  "target": {
    "system": "linux",
    "cpu_family": "x86_64",
    "cpu": "x86_64",
    "endian": "little",
    "kernel": "linux",
    "subsystem": "linux",
    "is_64_bit": true,
    "exe_suffix": "",
    "object_suffix": "o"
  }
}