{
  "host": {
    "c": {
      "id": "gcc",
      "exelist": [
        "cc"
      ],
      "linker_exelist": [
        "cc"
      ],
      "file_suffixes": [
        "c"
      ],
      "default_suffix": "c",
      "version": "14.2.1",
      "full_version": "cc (GCC) 14.2.1 20250207",
      "linker_id": "ld.bfd"
    }
  },
  "build": {
    "c": {
      "id": "gcc",
      "exelist": [
        "cc"
      ],
      "linker_exelist": [
        "cc"
      ],
      "file_suffixes": [
        "c"
      ],
      "default_suffix": "c",
      "version": "14.2.1",
      "full_version": "cc (GCC) 14.2.1 20250207",
      "linker_id": "ld.bfd"
    }
  }
}