[
  {
    "name": "gtk+-3.0",
    "type": "pkgconfig",
    "version": "3.24.49",
    "compile_args": [
      "-I/usr/include/gtk-3.0",
      "-I/usr/include/pango-1.0",
      "-I/usr/include/cloudproviders",
      "-I/usr/include/cairo",
      "-I/usr/include/gdk-pixbuf-2.0",
      "-I/usr/include/at-spi2-atk/2.0",
      "-I/usr/include/at-spi-2.0",
      "-I/usr/include/atk-1.0",
      "-I/usr/include/dbus-1.0",
      "-I/usr/lib/dbus-1.0/include",
      "-I/usr/include/fribidi",
      "-I/usr/include/pixman-1",
      "-I/usr/include/harfbuzz",
      "-I/usr/include/freetype2",
      "-I/usr/include/libpng16",
      "-I/usr/include/gio-unix-2.0",
      "-I/usr/include/glib-2.0",
      "-I/usr/lib/glib-2.0/include",
      "-I/usr/include/libmount",
      "-I/usr/include/blkid",
      "-I/usr/include/sysprof-6",
      "-pthread"
    ],
    "link_args": [
      "/usr/lib/libgtk-3.so",
      "/usr/lib/libgdk-3.so",
      "/usr/lib/libz.so",
      "/usr/lib/libpangocairo-1.0.so",
      "/usr/lib/libcairo-gobject.so",
      "/usr/lib/libgdk_pixbuf-2.0.so",
      "/usr/lib/libatk-1.0.so",
      "/usr/lib/libpango-1.0.so",
      "/usr/lib/libcairo.so",
      "/usr/lib/libharfbuzz.so",
      "/usr/lib/libgio-2.0.so",
      "/usr/lib/libgobject-2.0.so",
      "/usr/lib/libglib-2.0.so"
    ],
    "include_directories": [],
    "sources": [],
    "extra_files": [],
    "dependencies": [],
    "depends": [],
    "meson_variables": [
      "gtk"
    ]
  },
  {
    "name": "gmodule-export-2.0",
    "type": "pkgconfig",
    "version": "2.84.1",
    "compile_args": [
      "-I/usr/include/glib-2.0",
      "-I/usr/lib/glib-2.0/include",
      "-I/usr/include/sysprof-6",
      "-pthread"
    ],
    "link_args": [
      "-Wl,--export-dynamic",
      "/usr/lib/libgmodule-2.0.so",
      "-pthread",
      "/usr/lib/libglib-2.0.so"
    ],
    "include_directories": [],
    "sources": [],
    "extra_files": [],
    "dependencies": [],
    "depends": [],
    "meson_variables": [
      "gmodule_export"
    ]
  },
  {
    "name": "playerctl",
    "type": "pkgconfig",
    "version": "2.4.1",
    "compile_args": [
      "-I/usr/include/playerctl",
      "-I/usr/include/gio-unix-2.0",
      "-I/usr/include/glib-2.0",
      "-I/usr/lib/glib-2.0/include",
      "-I/usr/include/libmount",
      "-I/usr/include/blkid",
      "-I/usr/include/sysprof-6",
      "-pthread"
    ],
    "link_args": [
      "/usr/lib/libplayerctl.so",
      "/usr/lib/libgobject-2.0.so",
      "/usr/lib/libglib-2.0.so"
    ],
    "include_directories": [],
    "sources": [],
    "extra_files": [],
    "dependencies": [],
    "depends": [],
    "meson_variables": [
      "playerctl"
    ]
  },
  {
    "name": "libsoup-3.0",
    "type": "pkgconfig",
    "version": "3.6.5",
    "compile_args": [
      "-I/usr/include/libsoup-3.0",
      "-I/usr/include/glib-2.0",
      "-I/usr/lib/glib-2.0/include",
      "-I/usr/include/libmount",
      "-I/usr/include/blkid",
      "-I/usr/include/sysprof-6",
      "-pthread"
    ],
    "link_args": [
      "/usr/lib/libsoup-3.0.so",
      "/usr/lib/libgio-2.0.so",
      "/usr/lib/libgobject-2.0.so",
      "/usr/lib/libgmodule-2.0.so",
      "-pthread",
      "/usr/lib/libglib-2.0.so"
    ],
    "include_directories": [],
    "sources": [],
    "extra_files": [],
    "dependencies": [],
    "depends": [],
    "meson_variables": [
      "libsoup"
    ]
  }
]