[
  {
    "name": "icons-resources_c",
    "id": "icons-resources_c@cus",
    "type": "custom",
    "defined_in": "/home/anhbaphu/gtklock-powerbar-module/meson.build",
    "filename": [
      "/home/anhbaphu/gtklock-powerbar-module/builddir/icons-resources.c"
    ],
    "build_by_default": true,
    "target_sources": [
      {
        "language": "unknown",
        "compiler": [
          "/usr/bin/glib-compile-resources",
          "@INPUT@",
          "--sourcedir",
          "..",
          "--c-name",
          "icons",
          "--internal",
          "--generate",
          "--target",
          "@OUTPUT@",
          "--dependency-file",
          "@DEPFILE@"
        ],
        "parameters": [],
        "sources": [
          "/home/anhbaphu/gtklock-powerbar-module/icons.gresource.xml"
        ],
        "generated_sources": []
      }
    ],
    "extra_files": [],
    "subproject": null,
    "dependencies": [],
    "depends": [],
    "installed": false
  },
  {
    "name": "icons-resources_h",
    "id": "icons-resources_h@cus",
    "type": "custom",
    "defined_in": "/home/anhbaphu/gtklock-powerbar-module/meson.build",
    "filename": [
      "/home/anhbaphu/gtklock-powerbar-module/builddir/icons-resources.h"
    ],
    "build_by_default": true,
    "target_sources": [
      {
        "language": "unknown",
        "compiler": [
          "/usr/bin/glib-compile-resources",
          "@INPUT@",
          "--sourcedir",
          "..",
          "--c-name",
          "icons",
          "--internal",
          "--generate",
          "--target",
          "@OUTPUT@"
        ],
        "parameters": [],
        "sources": [
          "/home/anhbaphu/gtklock-powerbar-module/icons.gresource.xml"
        ],
        "generated_sources": []
      }
    ],
    "extra_files": [],
    "subproject": null,
    "dependencies": [],
    "depends": [],
    "installed": false
  },
  {
    "name": "powerbar-module",
    "id": "powerbar-module@sha",
    "type": "shared library",
    "defined_in": "/home/anhbaphu/gtklock-powerbar-module/meson.build",
    "filename": [
      "/home/anhbaphu/gtklock-powerbar-module/builddir/powerbar-module.so"
    ],
    "build_by_default": true,
    "target_sources": [
      {
        "language": "c",
        "machine": "host",
        "compiler": [
          "cc"
        ],
        "parameters": [
          "-I/home/anhbaphu/gtklock-powerbar-module/builddir/powerbar-module.so.p",
          "-I/home/anhbaphu/gtklock-powerbar-module/builddir",
          "-I/home/anhbaphu/gtklock-powerbar-module",
          "-I/usr/include/gtk-3.0",
          "-I/usr/include/pango-1.0",
          "-I/usr/include/cloudproviders",
          "-I/usr/include/cairo",
          "-I/usr/include/gdk-pixbuf-2.0",
          "-I/usr/include/at-spi2-atk/2.0",
          "-I/usr/include/at-spi-2.0",
          "-I/usr/include/atk-1.0",
          "-I/usr/include/dbus-1.0",
          "-I/usr/lib/dbus-1.0/include",
          "-I/usr/include/fribidi",
          "-I/usr/include/pixman-1",
          "-I/usr/include/harfbuzz",
          "-I/usr/include/freetype2",
          "-I/usr/include/libpng16",
          "-I/usr/include/gio-unix-2.0",
          "-I/usr/include/glib-2.0",
          "-I/usr/lib/glib-2.0/include",
          "-I/usr/include/libmount",
          "-I/usr/include/blkid",
          "-I/usr/include/sysprof-6",
          "-fdiagnostics-color=always",
          "-D_FILE_OFFSET_BITS=64",
          "-Wall",
          "-Winvalid-pch",
          "-std=c11",
          "-O0",
          "-g",
          "-fPIC",
          "-pthread"
        ],
        "sources": [
          "/home/anhbaphu/gtklock-powerbar-module/source.c"
        ],
        "generated_sources": [
          "/home/anhbaphu/gtklock-powerbar-module/builddir/icons-resources.c"
        ],
        "unity_sources": []
      },
      {
        "linker": [
          "cc"
        ],
        "parameters": [
          "-Wl,--as-needed",
          "-Wl,--no-undefined",
          "-shared",
          "-fPIC",
          "-Wl,-soname,powerbar-module.so",
          "-Wl,--start-group",
          "-Wl,--start-group",
          "/usr/lib/libgtk-3.so",
          "/usr/lib/libgdk-3.so",
          "/usr/lib/libz.so",
          "/usr/lib/libpangocairo-1.0.so",
          "/usr/lib/libcairo-gobject.so",
          "/usr/lib/libgdk_pixbuf-2.0.so",
          "/usr/lib/libatk-1.0.so",
          "/usr/lib/libpango-1.0.so",
          "/usr/lib/libcairo.so",
          "/usr/lib/libharfbuzz.so",
          "/usr/lib/libgio-2.0.so",
          "/usr/lib/libgobject-2.0.so",
          "/usr/lib/libglib-2.0.so",
          "-Wl,--export-dynamic",
          "/usr/lib/libgmodule-2.0.so",
          "-Wl,--end-group",
          "-Wl,--end-group",
          "-pthread"
        ]
      }
    ],
    "extra_files": [],
    "subproject": null,
    "dependencies": [
      "gtk+-3.0",
      "gmodule-export-2.0"
    ],
    "depends": [],
    "installed": true,
    "install_filename": [
      "/usr/local/lib/gtklock/powerbar-module.so"
    ]
  }
]